Setor,Modelo,Tipo,Serie,Patrimonio,Filial,Status
FRENTE DE CAIXA,TOLEDO PRIX 4,BALANCA,10136709,180039,4,PRODUCAO
CPD,TOLEDO PRIX 5 PLUS,BALANCA,10187291,180046,4,BACKUP
SOE,TOLEDO PRIX 5,BALANCA,10187289,180010,4,PRODUCAO
CPD,BEMATECH MP 4000 TH FI,BALANCA,BE090910100010012273,90229,4,PRODUCAO
CPD,TOLEDO ITI 2003-352180,BALANCA,8002197KB,180005,4,PRODUCAO
PADARIA,TOLEDO PRIX 5 PLUS,BALANCA,11119576,180104,4,PRODUCAO
ACOUGUE,TOLEDO PRIX 5 PLUS,BALANCA,11150823,180124,4,PRODUCAO
ACOUGUE,TOLEDO PRIX 5 PLUS,BALANCA,11211596,180123,4,PRODUCAO
ACOUGUE,TOLEDO PRIX 5 PLUS,BALANCA,11325613,180148,4,PRODUCAO
FATIADOS,TOLEDO PRIX 5 PLUS,BALANCA,11325615,180149,4,PRODUCAO
HORTIFRUTI,TOLEDO PRIX 5 PLUS,BALANCA,11325601,180147,4,PRODUCAO
HORTIFRUTI,TOLEDO PRIX 5 PLUS,BALANCA,10843019,180165,4,PRODUCAO
SALAO,TOLEDO PRIX 5 PLUS,BALANCA,11030000,180093,4,PRODUCAO
CONGELADOS,TOLEDO PRIX 5 PLUS,BALANCA,10815433,180083,4,PRODUCAO
CPD,TOLEDO PRIX 5 PLUS,BALANCA,10815434,180084,4,BACKUP
CONGELADOS,TOLEDO PRIX 5 PLUS,BALANCA,11093730,180114,4,PRODUCAO
SALAO,TOLEDO PRIX 5 PLUS,BALANCA,11145926,180115,4,PRODUCAO
PREPARO FATIADOS,TOLEDO PRIX 5 PLUS,BALANCA,10187288,180013,4,PRODUCAO
FRENTE DE CAIXA,TOLEDO 2124,BALANCA,10362354,180004,4,PRODUCAO
CPD,GERTEC TC 505,BUSCA PRECO,2070311430,,4,BACKUP
SALAO,GERTEC TC 505,BUSCA PRECO,???,,4,PRODUCAO
SALAO,GERTEC TC 505,BUSCA PRECO,2100424574,140022,4,PRODUCAO
FRIOS,GERTEC TC 506,BUSCA PRECO,2100424574,140022,4,PRODUCAO
SALAO,GERTEC TC 505,BUSCA PRECO,2070311308,140107,4,PRODUCAO
FRIOS,GERTEC TC 506,BUSCA PRECO,2070311308,140107,4,PRODUCAO
SALAO,GERTEC TC 505,BUSCA PRECO,2070311359,140024,4,PRODUCAO
FRIOS,GERTEC TC 506,BUSCA PRECO,2070311359,140024,4,PRODUCAO
FRIOS,GERTEC TC 506,BUSCA PRECO,409111501028337,140121,4,PRODUCAO
SALAO,GERTEC TC 505,BUSCA PRECO,"1,04091115010283E+016",100121,4,PRODUCAO
SALAO,GERTEC TC 505,BUSCA PRECO,2070311433,140119,4,PRODUCAO
SALAO,GERTEC TC 505,BUSCA PRECO,409111501028358,140123,4,PRODUCAO
SALAO,GERTEC TC 505,BUSCA PRECO,2100424576,140105,4,PRODUCAO
SALAO,GERTEC TC 505,BUSCA PRECO,2070311323,140001,4,PRODUCAO
SALAO,GERTEC TC 505,BUSCA PRECO,2070311322,140106,4,PRODUCAO
SALAO,GERTEC TC 505,BUSCA PRECO,2070311356,140023,4,PRODUCAO
RM FISCAL,MOTOROLA MC 3090,COLETOR,A0191400603EN10163H0522,1450040,4,PRODU츒
RM FISCAL,MOTOROLA MC 3090,COLETOR,A0191400603EN10163H0447,1450030,4,PRODU츒
RM FISCAL,MOTOROLA MC 3090,COLETOR,A0191400603EN10163H0390,1450028,4,PRODU츒
RM FISCAL,MOTOROLA MC 3090,COLETOR,A0191400603EN10163H0422,1450029,4,PRODU츒
RM FISCAL,MOTOROLA MC 9090,COLETOR,81550005015576,1450012,4,PRODU츒
CAIXA,BEMATECH MP 4000 TH FI,ECF,BE090910100010012359,90220,4,PRODU큐O
CAIXA,BEMATECH MP 4000 TH FI,ECF,BE091110100011271903,90608,4,PRODUCAO
CAIXA,BEMATECH MP 4000 TH FI,ECF,BE091210100011210534,90653,4,PRODU츒
CAIXA,BEMATECH MP 4000 TH FI,ECF,BE091210100011208492,90632,4,PRODU츒
CAIXA,BEMATECH MP 4000 TH FI,ECF,BE090910100010012271,90218,4,PRODUCAO
CAIXA,BEMATECH MP 4000 TH FI,ECF,BE091210100011210476,90548,4,PRODUCAO
CAIXA,BEMATECH MP 4000 TH FI,ECF,BE091210100011210449,90651,4,PRODUCAO
CAIXA,BEMATECH MP 4000 TH FI,ECF,BE091110100011265090,90607,4,PRODUCAO
CAIXA,BEMATECH MP 4000 TH FI,ECF,BE091210100011210504,90656,4,PRODU츒
BACKUP,BEMATECH MP 4000 TH FI,ECF,BE091210100011209361,90650,4,BACKUP
CAIXA,BEMATECH MP 4000 TH FI,ECF,BE091210100011210555,90643,4,PRODUCAO
CAIXA,BEMATECH MP 4000 TH FI,ECF,BE091010100011208562,90227,4,PRODUCAO
CAIXA,BEMATECH MP 4000 TH FI,ECF,BE090910100010012706,90143,4,PRODU큐O
CAIXA,BEMATECH MP 4000 TH FI,ECF,BE091110100011254597,90142,4,PRODU츒
CAIXA,BEMATECH MP 4000 TH FI,ECF,BE090910100010012718,90228,4,PRODU츒
CAIXA,BEMATECH MP 4000 TH FI,ECF,BE091210100011209376,90647,4,PRODU츒
CAIXA,BEMATECH MP 4000 TH FI,ECF,BE091210100011209360,90646,4,PRODU츒
CAIXA,BEMATECH MP 4000 TH FI,ECF,BE091210100011210521,90641,4,PRODU츒
CAIXA,BEMATECH MP 4000 TH FI,ECF,BE091210100011209365,90654,4,PRODUCAO
CAIXA,BEMATECH MP 4000 TH FI,ECF,BE091110100011253962,90226,4,PRODUCAO
CAIXA,BEMATECH MP 4000 TH FI,ECF,BE090910100010012350,90225,4,BKP
CAIXA,BEMATECH MP 4000 TH FI,ECF,BE090910100010012809,90224,4,PRODU츒
CAIXA,BEMATECH MP 4000 TH FI,ECF,BE091110100011265031,90604,4,PRODUCAO
CAIXA,BEMATECH MP 4000 TH FI,ECF,BE091110100011265159,90605,4,PRODUCAO
CAIXA,BEMATECH MP 4000 TH FI,ECF,BE091210100011210515,90655,4,PRODUCAO
CAIXA,BEMATECH MP 4000 TH FI,ECF,BE091110100011265160,90606,4,PRODUCAO
CAIXA,BEMATECH MP 4000 TH FI,ECF,BE090910100010012660,90231,4,PRODU츒
CAIXA,BEMATECH MP 4000 TH FI,ECF,BE091210100011209366,90649,4,PRODU츒
CPD,BEMATECH MP 4000 TH FI,ECF,BE090910100010012350,90225,4,PRODUCAO
CAIXA,BEMATECH MP 4000 TH FI,ECF,BE091210100011209361,90650,4,BKP
CAIXA,BEMATECH MP 4000 TH FI,ECF,BE090910100010012697,90222,4,PRODUCAO
CAIXA,BEMATECH MP 4000 TH FI,ECF,BE091210100011212358,90219,4,PRODUCAO
CAIXA,BEMATECH MP 4000 TH FI,ECF,BE090910100010012593,90221,4,PRODUCAO
CAIXA,BEMATECH MP 4000 TH FI,ECF,BE091210100011210517,90686,4,PRODUCAO
CAIXA,BEMATECH MP 4000 TH FI,ECF,BE091210100011209367,90648,4,PRODUCAO
CAIXA,BEMATECH MP 4000 TH FI,ECF,BE091210100011210569,90640,4,PRODUCAO
CAIXA,BEMATECH MP 4000 TH FI,ECF,BE091210100011210597,90658,4,PRODUCAO
CAIXA,BEMATECH MP 4000 TH FI,ECF,BE091210100011210483,90639,4,PRODUCAO
CAIXA,BEMATECH MP 4000 TH FI,ECF,BE090910100010012703,90223,4,PRODU츒
CAIXA,BEMATECH MP 4000 TH FI,ECF,BE091210100011210596,90657,4,PRODU츒
CAIXA,BEMATECH MP 4000 TH FI,ECF,BE091210100011210591,90642,4,PRODU츒
CAIXA,BEMATECH MP 4000 TH FI,ECF,BE091210100011210570,90688,4,PRODU츒
CAIXA,BEMATECH MP 4000 TH FI,ECF,BE091210100011210518,90644,4,PRODU츒
CAIXA,BEMATECH MP 4000 TH FI,ECF,BE091110100011265096,90603,4,PRODU츒
CAIXA,BEMATECH MP 4000 TH FI,ECF,BE090910100010012706,90223,4,PRODU츒
CAIXA,BEMATECH MP 4000 TH FI,ECF,BE090910100010012732,90230,4,PRODUCAO
CAIXA,BEMATECH MP 4000 TH FI,ECF,BE091210100011210448,90652,4,PRODUCAO
CAIXA,BEMATECH MP 4000 TH FI,ECF,BE091210100011210549,90687,4,PRODUCAO
CAIXA,GAVETA BEMATECH,GAVETA,551201021870,,4,PRODUCAO
CAIXA,GAVETA BEMATECH,GAVETA,551108002507,,4,PRODUCAO
CAIXA,GAVETA BEMATECH,GAVETA,551202031847,,4,PRODUCAO
CAIXA,GAVETA BEMATECH,GAVETA,SEM SRIE,,4,PRODUCAO
CAIXA,GAVETA BEMATECH,GAVETA,551307022702,,4,PRODUCAO
CAIXA,GAVETA BEMATECH,GAVETA,551201021917,,4,PRODUCAO
CAIXA,GAVETA BEMATECH,GAVETA,551108001128,,4,PRODUCAO
CAIXA,GAVETA BEMATECH,GAVETA,551108002279,,4,PRODUCAO
CAIXA,GAVETA BEMATECH,GAVETA,551108000480,,4,PRODUCAO
CAIXA,GAVETA BEMATECH,GAVETA,551201021818,,4,PRODUCAO
CAIXA,GAVETA BEMATECH,GAVETA,551108001203,,4,PRODUCAO
CAIXA,GAVETA BEMATECH,GAVETA,551201022099,,4,PRODUCAO
CAIXA,GAVETA BEMATECH,GAVETA,551108001180,,4,PRODUCAO
CAIXA,GAVETA BEMATECH,GAVETA,SEM SRIE,,4,PRODUCAO
CAIXA,GAVETA BEMATECH,GAVETA,551312028652,,4,PRODUCAO
CAIXA,GAVETA BEMATECH,GAVETA,551312032307,,4,PRODUCAO
CAIXA,GAVETA BEMATECH,GAVETA,551307017548,,4,PRODUCAO
CAIXA,GAVETA BEMATECH,GAVETA,551201021900,,4,PRODUCAO
CAIXA,GAVETA BEMATECH,GAVETA,5512010220668,,4,PRODUCAO
CAIXA,GAVETA BEMATECH,GAVETA,551202031830,,4,PRODUCAO
CAIXA,GAVETA BEMATECH,GAVETA,55120101022020,,4,PRODUCAO
CAIXA,GAVETA BEMATECH,GAVETA,SEM SRIE,,4,PRODUCAO
CAIXA,GAVETA BEMATECH,GAVETA,551108000947,,4,PRODUCAO
CAIXA,GAVETA BEMATECH,GAVETA,551108002958,,4,PRODUCAO
CAIXA,GAVETA BEMATECH,GAVETA,551108001521,,4,PRODUCAO
CAIXA,GAVETA BEMATECH,GAVETA,551108001449,,4,PRODUCAO
CAIXA,GAVETA BEMATECH,GAVETA,551108002910,,4,PRODUCAO
CAIXA,GAVETA BEMATECH,GAVETA,551108000510,,4,PRODUCAO
CAIXA,GAVETA BEMATECH,GAVETA,SEM SRIE,,4,PRODUCAO
CAIXA,GAVETA BEMATECH,GAVETA,11544,,4,PRODUCAO
CAIXA,GAVETA BEMATECH,GAVETA,SEM SRIE,,4,PRODUCAO
CAIXA,GAVETA BEMATECH,GAVETA,551105002552,,4,PORUCAO
CAIXA,GAVETA BEMATECH,GAVETA,551201021863,,4,PROCUCAO
CAIXA,GAVETA BEMATECH,GAVETA,551201021856,,4,PRODUCAO
CAIXA,GAVETA BEMATECH,GAVETA,551201022013,,4,PRODUCAO
CAIXA,GAVETA BEMATECH,GAVETA,551201021924,,4,PRODUCAO
CAIXA,GAVETA BEMATECH,GAVETA,551201021942,,4,PRODUCAO
CAIXA,GAVETA BEMATECH,GAVETA,551312028812,,4,PROCUCAO
CAIXA,GAVETA BEMATECH,GAVETA,551712036565,,4,PRODUCAO
CAIXA,GAVETA BEMATECH,GAVETA,551312032642,,4,PRODUCAO
CAIXA,GAVETA BEMATECH,GAVETA,551201022037,,4,PRODUCAO
CAIXA,GAVETA BEMATECH,GAVETA,551201021993,,4,PRODUCAO
CAIXA,GAVETA BEMATECH,GAVETA,551201021986,,4,PRODUCAO
CAIXA,GAVETA BEMATECH,GAVETA,551108000725,,4,PRODUCAO
TESOURARIA,HP LASERJET P1606,IMPRESSORA,11402,90586,4,PRODU츒
RM FISCAL,HP LASERJET P1606,IMPRESSORA,BRBSD6DCVB,,4,PRODUCAO
RM FISCAL,HP LASERJET P1606,IMPRESSORA,BRCSG2W2B8,90757,4,PRODU츒
CREDITO,HP LASERJET P1606,IMPRESSORA,BRCSF6HT2,,4,PRODUCAO
RH,HP LASERJET M127FN,IMPRESSORA,BRBSJ18RYS,90271,4,PRODUCAO
CALLCENTER,HP LASERJET M1212NF,IMPRESSORA,BRJSF6R0D5,90693,4,PRODUCAO
FRENTE DE CAIXA,HP LASERJET P1606,IMPRESSORA,BRBSC2W73L,90638,4,PRODU츒
FRENTE DE CAIXA,HP LASERJET P1606,IMPRESSORA,BRBSD6DCV3,90702,4,PRODU츒
SOE,HP 1320,IMPRESSORA,BRHS67M05F,90377,4,PRODUCAO
RECEPCAO,BEMATECH MP2100,IMPRESSORA,7900071109341,90458,4,PRODUCAO
TESOURARIA,HP LASERJET M127FN,IMPRESSORA,BRGSG2KTQM,90765,4,PRODUCAO
CPD,HP LASERJET M1132NF,IMPRESSORA,BRJSF807MC,90146,4,PRODU츒
RECEPCAO,ZEBRA ZXP SERIE 3,IMPRESSORA CARTAO,Z3J134900303,90285,4,PRODU츒
FRENTE DE CAIXA,BEMATECH DP20 CHEQUE,IMPRESSORA CHEQUE,379903000003877,90675,4,PRODU츒
FRENTE DE CAIXA,BEMATECH DP20 CHEQUE,IMPRESSORA CHEQUE,37903000003879,90960,4,PRODU츒
PRECIFICACAO,ZEBRA STRIPE S4M00,IMPRESSORA PRECO,03J101400114,,4,PRODU큐O
PRECIFICACAO,ZEBRA STRIPE S4M00,IMPRESSORA PRECO,03J12200437,90164,4,PRODU츒
CAIXA,SYMBOL LS7708,LEITOR,1320600504155,60100,4,PRODUCAO
CAIXA,SYMBOL LS7708,LEITOR,11353005004973,60418,4,PRODUCAO
CAIXA,SYMBOL LS7708,LEITOR,1135300504956,60417,4,PRODUCAO
CAIXA,SYMBOL LS7708,LEITOR,1135300504961,60414,4,PRODUCAO
CAIXA,SYMBOL LS7708,LEITOR,1135300504985,60413,4,PRODUCAO
RM FISCAL,COMPEX CPX-2200,LEITOR,22000062493,,4,PRODUCAO
CAIXA,SYMBOL STB4278,LEITOR,1331700501240,60166,4,PRODUCAO
CAIXA,SYMBOL STB4278,LEITOR,1321000504191,60115,4,PRODUCAO
PRECIFICACAO,LEITOR SYMBOL LS2208 COM FIO,LEITOR,SEM SRIE,SEM PATRIMONIO,4,PRODUCAO
CAIXA,SYMBOL STB4278,LEITOR,1331800500660,60330,4,PRODUCAO
CAIXA,SYMBOL STB4278,LEITOR,1213700500368,60425,4,PRODUCAO
CAIXA,SYMBOL STB4278,LEITOR,1303800501174,60440,4,PRODUCAO
CAIXA,SYMBOL LS7708,LEITOR,5363520300052,60291,4,PRODUCAO
CAIXA,SYMBOL LS7708,LEITOR,1322300501496,60095,4,PRODUCAO
BACKUP,SYMBOL STB4278,LEITOR,1031900504442,,4,BACKUP
RM FISCAL,SYMBOL STB4278,LEITOR,1213400509242,60151,4,PRODUCAO
RM FISCAL,COMPEX CPX-2200,LEITOR,22000062485,,4,PRODUCAO
CAIXA,SYMBOL LS7708,LEITOR,1322500507241,60117,4,PRODUCAO
CAIXA,SYMBOL LS7708,LEITOR,1319900505100,60118,4,PRODUCAO
CAIXA,SYMBOL LI4278,LEITOR,1321200500161,60294,4,PRODUCAO
CAIXA,SYMBOL LI4278,LEITOR,11078006000838,60394,4,PRODUCAO
CAIXA,SYMBOL LI4278,LEITOR,113800505969,60428,4,PRODUCAO
CAIXA,LEITOR SYMBOL LS4000i COM FIO,LEITOR,11566,,4,PRODUCAO
CAIXA,LEITOR SYMBOL LS4000i COM FIO,LEITOR,11567,,4,PRODUCAO
CAIXA,SYMBOL LS7708,LEITOR,534752030048,60297,4,PRODUCAO
CAIXA,SYMBOL LS7708,LEITOR,5336520300021,60292,4,PRODUCAO
CAIXA,SYMBOL LS7708,LEITOR,1319900505111,60094,4,PRODUCAO
CAIXA,SYMBOL LS7708,LEITOR,1135600513765,60419,4,PRODUCAO
CAIXA,SYMBOL LS7708,LEITOR,1135300505047,60415,4,PRODUCAO
CAIXA,SYMBOL LS7708,LEITOR,1128500506498,60412,4,PRODUCAO
CAIXA,SYMBOL LS7708,LEITOR,1319900505112,60096,4,PRODUCAO
CAIXA,SYMBOL STB4278,LEITOR,1331700500213,60160,4,PRODUCAO
CAIXA,SYMBOL LI4278,LEITOR,1320900508765,60384,4,PRODUCAO
CAIXA,SYMBOL LS7708,LEITOR,1320600504155,60100,4,PRODUCAO
CAIXA,SYMBOL LI4278,LEITOR,1321200600161,60327,4,PRODUCAO
CAIXA,SYMBOL LI4278,LEITOR,8184000503753,60239,4,PRODUCAO
CAIXA,SYMBOL LS7708,LEITOR,5363520300045,60298,4,PRODUCAO
CAIXA,SYMBOL LS7708,LEITOR,1135300504958,60422,4,PRODUCAO
CAIXA,SYMBOL LS7708,LEITOR,11353005044981,60420,4,PRODUCAO
CAIXA,SYMBOL LS7708,LEITOR,H52K29510NOM,60201,4,PRODUCAO
CAIXA,SYMBOL LS7708,LEITOR,1135300504972,60421,4,PRODUCAO
CAIXA,LEITOR SYMBOL LS2208 COM FIO,LEITOR,11566,,4,PRODUCAO
CAIXA,LEITOR SYMBOL LS2208 COM FIO,LEITOR,SEM SRIE,SEM PATRIMONIO,4,PRODU0
CAIXA,SYMBOL LI4278,LEITOR,1331700501246,60154,4,PRODUCAO
CAIXA,SYMBOL LI4278,LEITOR,1323800501344,60326,4,PRODUCAO
CAIXA,SYMBOL LI4278,LEITOR,1321200500127,60324,4,PRODUCAO
CAIXA,SYMBOL LI4278,LEITOR,1034200503843,60035,4,PRODUCAO
CAIXA,SYMBOL LI4278,LEITOR,1321000500785,60171,4,PRODUCAO
CAIXA,SYMBOL LI4278,LEITOR,1331700507280,60322,4,PRODUCAO
CAIXA,DELL E170SC,MONITOR,BROY603M07591155142M,30364,4,PRODUCAO
CAIXA,DELL E170SC,MONITOR,BR-OM49GV-07591-16A-07KL,,,
30451,OP. DE CAIXA,4,,,,
CAIXA,DELL E170SC,MONITOR,BR-OM49GV-07591-272-OKYL,,,
,OP. DE CAIXA,4,,,,
CAIXA,DELL E170SC,MONITOR,BROM49GV07959124R2TKL,30730,4,PRODUCAO
CAIXA,DELL E170SC,MONITOR,BROY603M07591155132M,30462,4,PRODUCAO
CALLCENTER,SAMSUNG S19A300B,MONITOR,Y46NHXFCA12192H,30746,4,PRODUCAO
CALLCENTER,DELL E157FPC,MONITOR,BROFCFPK075913CBGDM,30714,4,PRODUCAO
CPD,DELL E1913C,MONITOR,BR079N700759131022HM,30732,4,PRODUCAO
CAIXA,DELL E170SC,MONITOR,BR-OM49GV-07591-16A-05OL,,,
30339,OP. DE CAIXA,4,,,,
SOE,DELL E1913C,MONITOR,BR079N700759131004YM,30739,4,PRODU츒
CAIXA,DELL E170SC,MONITOR,BR-OM49GV-07591-28F-0CPL,,,
30436,OP. DE CAIXA,4,,,,
CAIXA,DELL E170SC,MONITOR,BR-OJ227F-07591-98E-2PRC,,,
,OP. DE CAIXA ,4,,,,
CALLCENTER,SAMSUNG S19A300B,MONITOR,Y46NHXFCA10396N,30745,4,PRODUCAO
CALLCENTER,DELL E157FPC,MONITOR,BR0M496GV0759124R2TAL,30747,4,PRODUCAO
CALLCENTER,DELL E157FPC,MONITOR,BR0FJ0677071383U04N4,30171,4,PRODUCAO
CPD,DELL E1914HC,MONITOR,BROFCFPK0759139UBGMM,30743,4,PRODU츒 
CONTABILIDADE,DELL E1913C,MONITOR,BR079N700759139E186M,30733,4,PRODU츒
CONTABILIDADE,DELL E1913C,MONITOR,BR-0HDK 1P-07591-35S-05MM,30612,4,PRODU츒
CPD,AOC 936SWA,MONITOR,S380AIA000968,30457,4,PRODU큐O
CALLCENTER,DELL E157FPC,MONITOR,BR0FJ0677071383U03VA,10497,4,PRODUCAO
SOE,DELL E1913C,MONITOR,BR079N700759131005GM,30738,4,PRODU츒
CAIXA,DELL E170SC,MONITOR,BROM496GV0759116A07PL,30312,4,PRODUCAO
CAIXA,DELL E170SC,MONITOR,BROM496GV0759124R2T3L,30326,4,PRODUCAO
CAIXA,AOC E1670SW,MONITOR,KQVHAXA004954,,,
,OP. DE CAIXA,4,,,,
CAIXA,AOC E1670SW,MONITOR,HPD81A000174,30731,4,PRODUCAO
CAIXA,DELL E170SC,MONITOR,BR-OM49GV-07591-24R-2T1L,,,
30725,OP. DE CAIXA,4,,,,
CAIXA,DELL E170SC,MONITOR,BR-OM49GV-07591-16A-078L,,,
30298,OP. DE CAIXA ,4,,,,
CAIXA,DELL E170SC,MONITOR,BR-OY603M-07591-155-13PM,,,
30391,OP. DE CAIXA ,4,,,,
CAIXA,DELL E170SC,MONITOR,BR-OJ227F-07591-98E-6JGC,,,
30163,OP. DE CAIXA,4,,,,
CAIXA,DELL E170SC,MONITOR,BR-OY603M-07591-155-13TM,,,
30381,OP. DE CAIXA,4,,,,
RH,DELL E1913C,MONITOR,BR079N7007591J9E183M,30742,4,PRODUCAO
RH,DELL E1913C,MONITOR,BROHDK1P0759135SORXM,,4,PRODUCAO
RH,DELL E1913C,MONITOR,BR075N7007591J9E0GEM,30740,4,PRODUCAO
RM,DELL E157FPC,MONITOR,BR0FJ0670759183B7TPA,30341,4,PRODU츒
ALMOXARIFADO,AOC E1670SW,MONITOR,HPD481A00214,,4,PRODUCAO
PRECIFICACAO,AOC E1670SW,MONITOR,HPD48IA000198,,4,PRODU츒
RECEPCAO,AOC E1670SW,MONITOR,HPD48IA005019,30630,4,PRODU큐O
CONTABILIDADE,DELL E1913C,MONITOR,BR079N700759139E189M,30734,4,PRODU츒
RM FISCAL,DELL E1912HC,MONITOR,BR OHDK1P 07591 35S 0RYM,30596,4,PRODUCAO
CPD,DELL E1913C,MONITOR,BR079N700759131N0C2M,30741,4,PRODUCAO
CONTABILIDADE,SAMSUNG 733MW,MONITOR,CM17HXI5901294X,30458,4,PRODU츒
PRECIFICACAO,"BEMATECH MT4WNP 14""",MONITOR,MMT4WNBM08170494,SEM PATRIMONIO,4,PRODUCAO
SEGURANCA,DELL E1914HC,MONITOR,BROFCFPK07591362,30744,4,PRODUCAO
TESOURARIA,AOC 936SWA,MONITOR,S380AIA000973,30466,4,PRODU츒
CAIXA,DELL E170SC,MONITOR,BR-OM49GV-07591-164-073L,,,
30348,OP. DE CAIXA,4,,,,
CAIXA,DELL E170SC,MONITOR,BROY603M0759115513YM,30382,4,PRODUCAO
RM FISCAL,DELL E1914HC,MONITOR,BROFCFPK0759139UOWVM,30718,4,PRODU츒
MANUTENCAO,MONITOR LM-15(M689A),MONITOR,MMT4WNBM08170520,30459,4,PRODUCAO
CAIXA,DELL E170SC,MONITOR,BR-OM49GV-07591-214-21SL,,,
,OP. DE CAIXA,4,,,,
CAIXA,DELL E170SC,MONITOR,BROY603M0759115513RM,30397,4,PRODUCAO
SOE,AOC 936SWA,MONITOR,S38AIA000974,30455,4,PRODU츒
CAIXA,DELL E170SC,MONITOR,BR0Y603M0759115513AM,30282,4,PRODUCAO
COMERCIAL,DELL E1913C,MONITOR,BR079N700759131021WM,30735,4,PRODU츒
CREDITO,DELL E170SC,MONITOR,BR0M49GV0759121N21WL,30748,4,PRODU츒
GERENCIA,DELL E1913C,MONITOR,BR075N7007591J9E1AEM,30736,4,PRODU츒
TESOURARIA,AOC 936SWA,MONITOR,S380AIA000984,30463,4,PRUDU츒
TESOURARIA,AOC 936SWA,MONITOR,S380AIAI003451,30465,4,PRODUCAO
CAIXA,DELL E170SC,MONITOR,BROY603M07591155149M,30401,4,PRODUCAO
CFTV,DELL E1912HC,MONITOR,BROFCFPK075913C25WEM,30744,4,PRODU츒
PRECIFICACAO,AOC E1670SW,MONITOR,HPD48IA004311,,4,PRODU츒
CALLCENTER,DELL E157FPC,MONITOR,BR0G347H0759108B3,30168,4,PRODUCAO
CAIXA,DELL E170SC,MONITOR,BROM496GV0759116A07DL,30330,4,PRODUCAO
CALLCENTER,DELL E157FPC,MONITOR,BROFCFPK075913C25E7M,30653,4,PRODUCAO
CAIXA,DELL E170SC,MONITOR,BROM49GV07959125N263L,30726,4,PRODUCAO
RECEPCAO,AOC E1670SW,MONITOR,HPD48IA000201,30632,4,PRODU츒
RECEPCAO,MONITOR GENERICO,MONITOR,T9T5CV1UB00BT29S,,4,PRODUCAO
CAIXA,DELL E170SC,MONITOR,BR0Y603M0759115512TM,30281,4,PRODUCAO
CAIXA,DELL E170SC,MONITOR,BROM49GV095924R2TCL,30724,4,PRODUCAO
CAIXA,DELL E170SC,MONITOR,BROY603M0759115513KM,30377,4,PRODUCAO
CAIXA,DELL E170SC,MONITOR,BR-OM49GV-07591-272-OKNL,,,
,OP. DE CAIXA,4,,,,
CAIXA,DELL E170SC,MONITOR,BR-OY603M-07591-155-143M,,,
30413,OP. DE CAIXA,4,,,,
CAIXA,DELL E170SC,MONITOR,BROY603M0759115513NM,30361,4,PRODUCAO
RM FISCAL,DELL E1913C,MONITOR,BR079N7007591J9E0GGM,30737,4,PRODU츒
RM FISCAL,AOC 936SWA,MONITOR,S380AIA000981,30456,4,PRODU츒
CAIXA,DELL E170SC,MONITOR,BROM496GV0759116A030L,30316,4,PRODUCAO
CAIXA,DELL E170SC,MONITOR,BROY603M0759115513DM,30362,4,PRODUCAO
CAIXA,DELL E170SC,MONITOR,BROM496GV0759116A07SL,30354,4,PRODUCAO
CAIXA,DELL E170SC,MONITOR,BROY603M07591155141M,30359,4,PRODUCAO
CAIXA,DELL E170SC,MONITOR,BROM49GV0759124R2T2L,30727,4,PRODUCAO
CAIXA,DELL E170SC,MONITOR,BROM49GV07959124R2TDL,30728,4,PRODUCAO
CAIXA,DELL E170SC,MONITOR,BROM49GV07959125N261L,30729,4,PRODUCAO
CAIXA,DELL E170SC,MONITOR,BROY603M07591155148M,30368,4,PRODUCAO
CAIXA,DELL E170SC,MONITOR,BROM496GV0759116A075L,30325,4,PRODUCAO
CAIXA,DELL E170SC,MONITOR,BROM49GV07959116A05AL,30357,4,PRODUCAO
CAIXA,DELL E170SC,MONITOR,BROM496GV0759116A07JL,30320,4,PRODUCAO
CAIXA,DELL E170SC,MONITOR,BR-OY603M-07591-155-13JM,,,
30425,OP. DE CAIXA,4,,,,
CAIXA,DELL E170SC,MONITOR,BROM496GV0759124R2TEL,30358,4,PRODUCAO
CAIXA,DELL E170SC,MONITOR,BROM496GV0759125N26VL,30447,4,PRODUCAO
CAIXA,DELL E170SC,MONITOR,BROM496GV0759116A076L,30309,4,PRODUCAO
RH,DELL OPTIPLEX 3010,PC,4MB0Y1,10793,4,PRDUCAO
GERENCIA,DELL OPTIPLEX 3010,PC,11305,FNHR6W1,4,PRODU큐O
CAIXA,DELL OPTIPLEX 780,PC,1X8LWQ1,,,
10287,OP. DE CAIXA,4,,,,
CAIXA,DELL OPTIPLEX 780,PC,5X8LWQ1,,,
10293,OP. DE CAIXA,4,,,,
CAIXA,DELL OPTIPLEX 780,PC,729LWQ1,10301,4,PRODU츒
CAIXA,DELL OPTIPLEX 780,PC,9Y8LWQ1,,,
10296,OP. DE CAIXA,4,,,,
CAIXA,DELL OPTIPLEX 780,PC,CN0LWQ1,,,
10291,OP. DE CAIXA,4,,,,
RH,DELL OPTIPLEX 3010,PC,HYND6W1,10935,4,PRODUCAO
CAIXA,BEMATECH RC 8300,PC,"1,02081008E+017",,4,PRODUCAO
COMERCIAL,DELL OPTIPLEX 390,PC,5KCD2V1,10776,4,PRODU츒
CAIXA,DELL OPTIPLEX 390,PC,GMQ92V1,10783,4,PROCUCAO
CAIXA,DELL OPTIPLEX 390,PC,78L72V1,10782,4,PRODUCAO
CAIXA,DELL OPTIPLEX 790,PC,1VYXRR1,10276,4,PRODUCAO
CAIXA,DELL OPTIPLEX 390,PC,58L72V1,10773,4,PRODUCAO
CAIXA,DELL OPTIPLEX 780,PC,939LWQ1,,,
10307,OP. DE CAIXA,4,,,,
CAIXA,DELL OPTIPLEX 790,PC,2WYXRR1,10277,4,PRODUCAO
CAIXA,BEMATECH RC 8300,PC,"1,02081003000001E+017",10555,4,PRODUCAO
CAIXA,BEMATECH RC 8300,PC,"1,02081003000001E+017",10506,4,PRODUCAO
CAIXA,BEMATECH RC 8300,PC,"1,02081003000001E+017",10498,4,PRODUCAO
CAIXA,BEMATECH RC 8300,PC,"1,02081003000001E+017",10505,4,PRODUCAO
CAIXA,BEMATECH RC 8300,PC,"1,02081003000001E+017",10531,4,PRODUCAO
CAIXA,BEMATECH RC 8300,PC,"1,02081003000001E+017",10499,4,PRODUCAO
CAIXA,BEMATECH RC 8300,PC,"1,02081003000001E+017",10518,4,PRODUCAO
CAIXA,BEMATECH RC 8300,PC,"1,02081003000001E+017",10550,4,PRODUCAO
CAIXA,BEMATECH RC 8300,PC,"1,02081003000001E+017",10504,4,PRODUCAO
CAIXA,DELL OPTIPLEX 780,PC,8N0LWQ1,10305,4,PRODU츒
CAIXA,BEMATECH RC 8300,PC,"1,02081003000001E+017",10501,4,PRODUCAO
CAIXA,BEMATECH RC 8300,PC,"1,02081003000001E+017",10513,4,PRODUCAO
CAIXA,BEMATECH RC 8300,PC,"1,02081003000001E+017",10533,4,PRODUCAO
CAIXA,BEMATECH RC 8300,PC,"1,02081003000001E+017",10496,4,PRODUCAO
CAIXA,BEMATECH RC 8300,PC,"1,02081003000001E+017",10503,4,PRODUCAO
CAIXA,BEMATECH RC 8300,PC,"1,02081003000001E+017",10525,4,PRODUCAO
CPD,DELL OPTIPLEX 3010,PC,8MPR0Y1,11013,4,PRODU츒
CAIXA,BEMATECH RC 8300,PC,"1,02081003000001E+017",10500,4,PRODUCAO
CAIXA,DELL OPTIPLEX 780,PC,J39LWQ1,10309,4,PRODU츒
CAIXA,BEMATECH RC 8300,PC,"1,02081003000001E+017",10544,4,PRODUCAO
CAIXA,BEMATECH RC 8300,PC,"1,02081003000001E+017",10519,4,PRODUCAO
CAIXA,DELL OPTIPLEX 390,PC,GZT52VI,,,
10775,OP. DE CAIXA,4,,,,
CAIXA,DELL OPTIPLEX 755,PC,58PCTJ1,,,
10435,OP. DE CAIXA,4,,,,
TREINAMENTO,DELL OPTIPLEX 3010,PC,9LP90Y1,10936,4,PRODUCAO
CAIXA,DELL OPTIPLEX 380,PC,4NC7GM1,,,
10434,OP. DE CAIXA,4,,,,
CAIXA,DELL OPTIPLEX 780,PC,709LWQ1,,,
10368,OP. DE CAIXA,4,,,,
CAIXA,DELL OPTIPLEX 780,PC,9N0LWQ1,,,
10295,OP. DE CAIXA,4,,,,
CAIXA,DELL OPTIPLEX 780,PC,D09LWQ1,,,
10289,OP. DE CAIXA,4,,,,
CAIXA,DELL OPTIPLEX 780,PC,HN0LWQ1,,,
10292,OP. DE CAIXA ,4,,,,
CAIXA,DELL OPTIPLEX 780,PC,5X8LWQ1,10308,4,PRODU츒
ALMOXARIFADO,DELL OPTIPLEX 780,PC,5VHNYK1,10432,4,PRODUCAO
CFTV,DELL OPTIPLEX 790,PC,11300,10261,4,PRODU츒
CAIXA,BEMATECH RC 8300,PC,"1,02081003000001E+017",10549,4,PRODUCAO
CAIXA,BEMATECH RC 8300,PC,"1,02081003000001E+017",10524,4,PRODUCAO
CAIXA,BEMATECH RC 8300,PC,"1,02081003000001E+017",10502,4,PRODUCAO
CPD,DELL OPTIPLEX 3010,PC,4MPT0Y1,10933,4,PRODU츒
CPD,DELL OPTIPLEX 360,PC,8QCNMK1,10539,4,PRODU츒
SEGURANCA,DELL OPTIPLEX 790,PC,3VYXRR1,10261,4,PRODUCAO
PRECIFICACAO,DELL OPTIPLEX 755,PC,22GN9G1,10433,4,PRODUCAO
CREDITO,DELL OPTIPLEX 780,PC,COMP851,10329,4,PRODU츒
SOE,DELL OPTIPLEX 3010,PC,65JL6W1,108773,4,PRODU츒
FRENTE DE CAIXA,DELL OPTIPLEX 390,PC,5ZT52V1,10774,4,PRODU츒
RM,DELL OPTIPLEX 755,PC,HC73LBI,,4,PRODU츒
FRENTE DE CAIXA,DELL OPTIPLEX 790,PC,9RYXRR1,10279,4,PRODU츒
CALLCENTER,DELL OPTIPLEX 380,PC,G2Q2JM1,10491,4,PRODUCAO
CALLCENTER,HP COMPAQ 300B MT,PC,BRG73501NC,10414,4,PRODUCAO
CONTABILIDADE,DELL OPTIPLEX 760,PC,7VHNYK1,10438,4,PRODU츒
RECEPCAO,DELL OPTIPLEX 790,PC,6VYXRR1,10266,4,PRODU큐O
BACKUP,BEMATECH RC 8300,PC,BE102081003000000969,10511,4,BKP
CONTABILIDADE,DELL OPTIPLEX 3010,PC,3MPB0Y1,10912,4,PRODU츒 
PRECIFICACAO,HP COMPAQ 300B MT,PC,BRG050G8SY,10919,4,PRODUCAO
CONTABILIDADE,DELL OPTIPLEX 3010,PC,JLP90Y1,10911,4,PRODU츒
RH,DELL OPTIPLEX 3010,PC,6WYXRR1,10330,4,PRODUCAO
RM,HP COMPAQ 300B MT,PC,BRG045G5RS,10327,4,PRODU츒
RM,DELL OPTIPLEX 3010,PC,4QR20Y1,,4,PRODU츒
RM,DELL OPTIPLEX 3010,PC,FLPB0Y1,10934,4,PRODU츒
CALLCENTER,DELL OPTIPLEX 790,PC,DTYXRR1,10859,4,PRODUCAO
CALLCENTER,DELL OPTIPLEX 390,PC,S/N,20793,4,PRODUCAO
CALLCENTER,DELL OPTIPLEX 390,PC,S/N,10780,4,PRODUCAO
SOE,DELL OPTIPLEX 3010,PC,2TFM6W1,10872,4,PRODU츒
SOE,HP COMPAQ 300B MT,PC,BRG050G869,10325,4,PRODU큐O
RECEPCAO,DELL OPTIPLEX 790,PC,HTYXRR1,10754,4,PRODUCAO
MANUTENCAO,DELL OPTIPLEX 755,PC,28PCTJ1,10436,4,PRODUCAO
RECEPCAO,MAQUINA GENERICA 1,PC,S/N,S/N,4,PRODU큐O
CALLCENTER,DELL OPTIPLEX 3010,PC,4NPR0Y1,10765,4,PRODUCAO
FRENTE DE CAIXA,DELL OPTIPLEX 790,PC,8WYXRR1,10270,4,PRUDU츒
TESOURARIA,HP COMPAQ 300B MT,PC,BRG045GVC,10313,4,PRODU츒
TESOURARIA,HP COMPAQ 300B MT,PC,BRGOS0G868,10315,4,PRODU츒
TESOURARIA,HP COMPAQ 300B MT,PC,BRG050G864,10311,4,PRODU츒
CALLCENTER,DELL OPTIPLEX 3010,PC,D6LL6W1,10874,4,PRODUCAO
RM,DELL OPTIPLEX 3010,PC,7NPT0Y1,10768,4,PRODU츒
CALLCENTER,DELL OPTIPLEX 3010,PC,CNPR0Y1,10764,4,PRODUCAO
CALLCENTER,DELL OPTIPLEX 390,PC,S\N,S\N,4,PRODUCAO
PRECIFICACAO,PC GENERICO,PC,SEM SRIE,SEM PATRIMONIO,4,PRODUCAO
CONTABILIDADE,DELL OPTIPLEX 3010,PC,HLPROY1,10907,4,PRODUCAO
CALLCENTER,DELL OPTIPLEX 390,PC,S\N,10792,4,PRODUCAO
TREINAMENTO,EPSON S31+,PROJETOR,WDSM8103267,,4,PRODUCAO
CPD,DELL OPTIPLEX 3020,SERVIDOR,3X3X862,10715,4,PRODU츒
CPD,DELL POWER EDGE R430,SERVIDOR,SWST862,20036,4,PRODU큐O
CPD,DELL OPTIPLEX 3020,SERVIDOR,JQYBG22,10605,4,PRODU츒
CPD,VMWARE VIRTUALMACHINE 1,SERVIDOR,BRC036N0A9,10228,4,PRODUCAO
CPD,DELL OPTIPLEX 3010,SERVIDOR,6LPR0Y1,10909,4,PRODU큐O
CPD,DELL OPTIPLEX 3010,SERVIDOR,GMPR0Y1,10908,4,PRODU큐O
CPD,DELL POWER EDGE R430,SERVIDOR,SWSR862,20035,4,PRUDU츒
